{"_step":100,"_runtime":12719.0911881,"train_samples_per_second":0.126,"train/grad_norm":5.3651347160339355,"train_loss":8.078502898216248,"train/learning_rate":0,"train/global_step":100,"_wandb":{"runtime":12719},"train_runtime":12707.3864,"total_flos":6.30481593272832e+14,"train/epoch":0.001778851017891906,"_timestamp":1.732789069322578e+09,"train_steps_per_second":0.008,"train/loss":6.8105}