{"train_loss":7.4583201551437375,"_step":100,"_timestamp":1.7327714100793216e+09,"train/grad_norm":5.385493755340576,"train/learning_rate":2.105263157894737e-07,"train/loss":6.8065,"train/epoch":0.0007653770223293963,"_runtime":11843.7654727,"train_runtime":11842.6837,"train_samples_per_second":0.135,"train/global_step":100,"_wandb":{"runtime":11844},"total_flos":7.64821703863296e+14,"train_steps_per_second":0.008}